config,mean_iterations_to_fix,median_iterations_to_fix,avg_tests_passed,median_tests_passed,projects_with_improvement,total_projects,improvement_rate
FI-00,7.95,1.0,18.87,20.0,38,41,0.926829268292683
FI-50,19.29,1.0,16.74,18.0,38,41,0.926829268292683
FI-70,24.79,1.5,16.58,17.5,38,41,0.926829268292683
TO-50,20.2,1.0,19.08,19.0,40,41,0.975609756097561
TO-70,7.06,1.0,17.4,18.0,35,41,0.8536585365853658
