config,mean_iterations_to_fix,median_iterations_to_fix,avg_tests_passed,median_tests_passed,projects_with_improvement,total_projects,improvement_rate,Minimal (<25%),Low Quality (25-50%),Medium Quality (50-75%),High Quality (75%+),Full Fix
FI-00,7.95,1.0,18.87,20.0,38,41,0.926829268292683,2.6,17.1,44.7,35.5,0.0
FI-50,19.29,1.0,16.74,18.0,38,41,0.926829268292683,11.4,22.9,38.6,27.1,0.0
FI-70,24.79,1.5,16.58,17.5,38,41,0.926829268292683,8.3,27.8,36.1,27.8,0.0
TO-50,20.2,1.0,19.08,19.0,40,41,0.975609756097561,2.8,15.3,50.0,30.6,1.4
TO-70,7.06,1.0,17.4,18.0,35,41,0.8536585365853658,4.5,25.4,47.8,22.4,0.0
