config,mean_time_sec,median_time_sec,std_time_sec,min_time_sec,max_time_sec,num_runs,speedup_vs_baseline,time_saved_pct
FI-00,11941.21,12112.0,1018.88,3216.0,12504.0,163,1.0,0.0
FI-50,11363.65,12073.0,1826.72,3135.0,12521.0,164,1.0508252190097371,4.836695778735988
FI-70,10868.98,12059.0,2307.87,2261.0,12263.0,163,1.098650471341377,8.979240797205644
TO-50,10801.1,12062.0,2167.29,3751.0,12211.0,163,1.1055549897695605,9.54769240303117
TO-70,8944.76,9513.0,3040.72,1811.0,12208.0,164,1.3349950138405053,25.093353186151145
