config,mean_time_sec,median_time_sec,std_time_sec,min_time_sec,max_time_sec,num_runs,speedup_vs_baseline,time_saved_pct
FI-00,11910.94,12102.0,1022.49,5828.0,12630.0,82,1.0,0.0
FI-50,10605.98,12067.5,2754.89,1866.0,12605.0,82,1.1230400208184441,10.95597828550896
FI-70,9562.41,12041.5,3588.76,1025.0,12600.0,82,1.2456002200282148,19.71741944800327
TO-50,10803.02,12063.5,2267.2,3434.0,12633.0,82,1.1025565073470196,9.301700789358359
TO-70,8178.15,8040.0,3262.21,1427.0,12619.0,82,1.456434523700348,31.339172223183066
